date,rank,id,brand,name,currency,priceNum,price,originalPriceNum,originalPrice,badge,reviewCount,link
"2026-04-23","0","1107744417","Beauty of Joseon","Relief Sun: Rice + Probiotics","USD","14.4","US$ 14.40","18","US$ 18.00","#1","25535","https://www.yesstyle.com/en/beauty-of-joseon-relief-sun-rice-probiotics-50ml/info.html/pid.1107744417"
"2026-04-23","1","1130946339","celimax","The Vita-A Retinal Shot Tightening Booster","USD","19.2","US$ 19.20","24","US$ 24.00","#2","9886","https://www.yesstyle.com/en/celimax-the-vita-a-retinal-shot-tightening-booster-15ml/info.html/pid.1130946339"
"2026-04-23","2","1124698946","Dr. Althea","345 Relief Cream","USD","22.95","US$ 22.95","27","US$ 27.00","#3","23425","https://www.yesstyle.com/en/dr-althea-345-relief-cream-renewed-50ml/info.html/pid.1124698946"
"2026-04-23","3","1121503383","SKIN1004","Madagascar Centella Hyalu-Cica Water-Fit Sun Serum Twin Pack","USD","19.69","US$ 19.69","25.2","US$ 25.20","#4","23509","https://www.yesstyle.com/en/skin1004-madagascar-centella-hyalu-cica-water-fit-sun-serum-twin-pack/info.html/pid.1121503383"
"2026-04-23","4","1113888108","SKIN1004","Madagascar Centella Hyalu-Cica Water-Fit Sun Serum","USD","9.5","US$ 9.50","15","US$ 15.00","#5","29234","https://www.yesstyle.com/en/skin1004-madagascar-centella-hyalu-cica-water-fit-sun-serum-50ml/info.html/pid.1113888108"
"2026-04-23","5","1130222654","Beauty of Joseon","Relief Sun Aqua-fresh","USD","14.4","US$ 14.40","18","US$ 18.00","#6","6331","https://www.yesstyle.com/en/beauty-of-joseon-relief-sun-aqua-fresh-50ml/info.html/pid.1130222654"
"2026-04-23","6","1124536886","APLB","Glutathione Niacinamide Sheet Mask","USD","0.98","US$ 0.98","4.26","US$ 4.26","#7","10167","https://www.yesstyle.com/en/aplb-glutathione-niacinamide-sheet-mask-25ml/info.html/pid.1124536886"
"2026-04-23","7","1136616200","Arencia","Vitamin C Booster Shot","USD","19.2","US$ 19.20","24","US$ 24.00","#8","1371","https://www.yesstyle.com/en/arencia-vitamin-c-booster-shot-30ml/info.html/pid.1136616200"
"2026-04-23","8","1129733663","Purito SEOUL","Mighty Bamboo Panthenol Cream","USD","16.1","US$ 16.10","23","US$ 23.00","#9","15497","https://www.yesstyle.com/en/purito-seoul-mighty-bamboo-panthenol-cream-100ml/info.html/pid.1129733663"
"2026-04-23","9","1132449411","Anua","Azelaic Acid 10 Hyaluron Redness Soothing Serum","USD","22","US$ 22.00","0","","#10","7535","https://www.yesstyle.com/en/anua-azelaic-acid-10-hyaluron-redness-soothing-serum-30ml/info.html/pid.1132449411"
"2026-04-23","10","1105145092","Purito SEOUL","Oat-In Calming Gel Cream","USD","13.7","US$ 13.70","19.5","US$ 19.50","#11","8618","https://www.yesstyle.com/en/purito-seoul-oat-in-calming-gel-cream-100ml/info.html/pid.1105145092"
"2026-04-23","11","1133472805","APLB","Collagen EGF Peptide Sheet Mask","USD","0.98","US$ 0.98","4.26","US$ 4.26","#12","2903","https://www.yesstyle.com/en/aplb-collagen-egf-peptide-sheet-mask-25ml/info.html/pid.1133472805"
"2026-04-23","12","1077182361","SKIN1004","Madagascar Centella Light Cleansing Oil","USD","12.5","US$ 12.50","20","US$ 20.00","#13","21548","https://www.yesstyle.com/en/skin1004-madagascar-centella-light-cleansing-oil-200ml/info.html/pid.1077182361"
"2026-04-23","13","1120355496","Mary&May","Tranexamic Acid + Glutathione Eye Cream Mini","USD","2.6","US$ 2.60","4.13","US$ 4.13","#14","7511","https://www.yesstyle.com/en/mary-may-tranexamic-acid-glutathione-eye-cream-mini-12g/info.html/pid.1120355496"
"2026-04-23","14","1122974582","ROUND LAB","Birch Juice Moisturizing Sunscreen","USD","19.6","US$ 19.60","28","US$ 28.00","#15","8592","https://www.yesstyle.com/en/round-lab-birch-juice-moisturizing-sunscreen-50ml/info.html/pid.1122974582"
"2026-04-23","15","1137028002","Dr. Althea","345 Relief Cream Mini","USD","8.42","US$ 8.42","9.9","US$ 9.90","#16","447","https://www.yesstyle.com/en/dr-althea-345-relief-cream-mini-15ml/info.html/pid.1137028002"
"2026-04-23","16","1067114916","SKIN1004","Madagascar Centella Asiatica 100 Ampoule","USD","14.5","US$ 14.50","23.2","US$ 23.20","#17","17721","https://www.yesstyle.com/en/skin1004-madagascar-centella-asiatica-100-ampoule-100ml/info.html/pid.1067114916"
"2026-04-23","17","1123474314","SKIN1004","Madagascar Centella Poremizing Quick Clay Stick Mask","USD","11.99","US$ 11.99","22","US$ 22.00","#18","17214","https://www.yesstyle.com/en/skin1004-madagascar-centella-poremizing-quick-clay-stick-mask-27g/info.html/pid.1123474314"
"2026-04-23","18","1131568455","EQQUALBERRY","Vitamin Illuminating Serum","USD","18.74","US$ 18.74","24.99","US$ 24.99","#19","5010","https://www.yesstyle.com/en/eqqualberry-vitamin-illuminating-serum-30ml/info.html/pid.1131568455"
"2026-04-23","19","1126934079","KSECRET","SEOUL 1988 Serum : Retinal Liposome 2% + Black Ginseng","USD","17.6","US$ 17.60","22","US$ 22.00","#20","11087","https://www.yesstyle.com/en/ksecret-seoul-1988-serum-retinal-liposome-2-black-ginseng-30ml/info.html/pid.1126934079"
"2026-04-23","20","1129356822","SKIN1004","Madagascar Centella Double Cleansing Duo Set","USD","20.5","US$ 20.50","32.5","US$ 32.50","#21","11786","https://www.yesstyle.com/en/skin1004-madagascar-centella-double-cleansing-duo-set-2-pcs/info.html/pid.1129356822"
"2026-04-23","21","1132942898","Anua","Niacinamide 10 TXA 4 Serum","USD","22","US$ 22.00","0","","#22","13425","https://www.yesstyle.com/en/anua-niacinamide-10-txa-4-serum-2024-version-30ml/info.html/pid.1132942898"
"2026-04-23","22","1052684647","COSRX","Acne Pimple Master Patch","USD","4.8","US$ 4.80","6","US$ 6.00","#23","42390","https://www.yesstyle.com/en/cosrx-acne-pimple-master-patch-24-patches/info.html/pid.1052684647"
"2026-04-23","23","1135801052","Dr. Althea","345 Relief Cream Mist","USD","16.92","US$ 16.92","19.9","US$ 19.90","#24","1562","https://www.yesstyle.com/en/dr-althea-345-relief-cream-mist-100ml/info.html/pid.1135801052"
"2026-04-23","24","1107199865","SKIN1004","Madagascar Centella Tone Brightening Capsule Ampoule Jumbo","USD","13.99","US$ 13.99","21.4","US$ 21.40","#25","16133","https://www.yesstyle.com/en/skin1004-madagascar-centella-tone-brightening-capsule-ampoule-jumbo/info.html/pid.1107199865"
"2026-04-23","25","1114255822","Beauty of Joseon","Revive Eye Serum","USD","13.6","US$ 13.60","17","US$ 17.00","#26","14052","https://www.yesstyle.com/en/beauty-of-joseon-revive-eye-serum-30ml/info.html/pid.1114255822"
"2026-04-23","26","1135350144","JUMISO","Niacinamide 20 Serum","USD","16.8","US$ 16.80","24","US$ 24.00","#27","3181","https://www.yesstyle.com/en/jumiso-niacinamide-20-serum-40ml/info.html/pid.1135350144"
"2026-04-23","27","1129356823","SKIN1004","Madagascar Centella Hyalu-Cica Water-Fit Sun Serum Jumbo","USD","19.5","US$ 19.50","23.3","US$ 23.30","#28","6338","https://www.yesstyle.com/en/skin1004-madagascar-centella-hyalu-cica-water-fit-sun-serum-jumbo/info.html/pid.1129356823"
"2026-04-23","28","1129886159","medicube","PDRN Pink Peptide Serum","USD","22.9","US$ 22.90","32.25","US$ 32.25","#29","5628","https://www.yesstyle.com/en/medicube-pdrn-pink-peptide-serum-30ml/info.html/pid.1129886159"
"2026-04-23","29","1133472802","APLB","Retinol Vitamin C Vitamin E Sheet Mask","USD","0.98","US$ 0.98","4.26","US$ 4.26","#30","2143","https://www.yesstyle.com/en/aplb-retinol-vitamin-c-vitamin-e-sheet-mask-25ml/info.html/pid.1133472802"
"2026-04-23","30","1078919512","AXIS-Y","Dark Spot Correcting Glow Serum","USD","18","US$ 18.00","24","US$ 24.00","#31","11788","https://www.yesstyle.com/en/axis-y-dark-spot-correcting-glow-serum-50ml/info.html/pid.1078919512"
"2026-04-23","31","1135111653","medicube","Zero Pore Pad 2.0","USD","21.9","US$ 21.90","31.29","US$ 31.29","#32","4758","https://www.yesstyle.com/en/medicube-zero-pore-pad-2-0-70-pads/info.html/pid.1135111653"
"2026-04-23","32","1118873672","Beauty of Joseon","Relief Sun Mini","USD","3.42","US$ 3.42","3.8","US$ 3.80","#33","4827","https://www.yesstyle.com/en/beauty-of-joseon-relief-sun-mini-10ml/info.html/pid.1118873672"
"2026-04-23","33","1077182367","SKIN1004","Madagascar Centella Ampoule Foam","USD","9.99","US$ 9.99","15.8","US$ 15.80","#34","11818","https://www.yesstyle.com/en/skin1004-madagascar-centella-ampoule-foam-125ml/info.html/pid.1077182367"
"2026-04-23","34","1103240430","LANEIGE","Lip Sleeping Mask EX Mini","USD","3.37","US$ 3.37","5.3","US$ 5.30","#35","16738","https://www.yesstyle.com/en/laneige-lip-sleeping-mask-ex-mini-berry-3g/info.html/pid.1103240430"
"2026-04-23","35","1123535471","House of Hur","Weightless Sun Fluid","USD","15.2","US$ 15.20","19","US$ 19.00","#36","1856","https://www.yesstyle.com/en/house-of-hur-weightless-sun-fluid-50ml/info.html/pid.1123535471"
"2026-04-23","36","1133101178","Arencia","Fresh Green Rice Mochi Cleanser","USD","18.54","US$ 18.54","23.17","US$ 23.17","#37","5114","https://www.yesstyle.com/en/arencia-fresh-green-rice-mochi-cleanser-120g/info.html/pid.1133101178"
"2026-04-23","37","1065077575","iUNIK","Beta-Glucan Power Moisture Serum","USD","14.7","US$ 14.70","21","US$ 21.00","#38","4588","https://www.yesstyle.com/en/iunik-beta-glucan-power-moisture-serum-50ml/info.html/pid.1065077575"
"2026-04-23","38","1135010030","celimax","The Vita-A Retinal Shot Tightening Booster Bundle Set","USD","34.56","US$ 34.56","48","US$ 48.00","#39","9867","https://www.yesstyle.com/en/celimax-the-vita-a-retinal-shot-tightening-booster-bundle-set-2-pcs/info.html/pid.1135010030"
"2026-04-23","39","1120888779","haruharu wonder","Black Rice Moisture Airyfit Sunscreen","USD","15.4","US$ 15.40","22","US$ 22.00","#40","4442","https://www.yesstyle.com/en/haruharu-wonder-black-rice-moisture-airyfit-sunscreen-50ml/info.html/pid.1120888779"
"2026-04-23","40","1120208637","SKIN1004","Madagascar Centella Probio-Cica Enrich Cream","USD","15","US$ 15.00","19","US$ 19.00","#41","6717","https://www.yesstyle.com/en/skin1004-madagascar-centella-probio-cica-enrich-cream-50ml/info.html/pid.1120208637"
"2026-04-23","41","1126837080","Shiseido","Fino Premium Touch Hair Mask","USD","11.62","US$ 11.62","16.6","US$ 16.60","#42","14756","https://www.yesstyle.com/en/shiseido-fino-premium-touch-hair-mask/info.html/pid.1126837080"
"2026-04-23","42","1135064250","numbuzin","No.9 NAD+ Retinol Volumetox Eye Cream","USD","15.75","US$ 15.75","21","US$ 21.00","#43","1635","https://www.yesstyle.com/en/numbuzin-no-9-nad-retinol-volumetox-eye-cream-10ml/info.html/pid.1135064250"
"2026-04-23","43","1074113181","ROUND LAB","1025 Dokdo Cleanser","USD","12","US$ 12.00","15.5","US$ 15.50","#44","9775","https://www.yesstyle.com/en/round-lab-1025-dokdo-cleanser-150ml/info.html/pid.1074113181"
"2026-04-23","44","1132864358","numbuzin","No.9 NAD Bio Lifting-sil Essence 50ml","USD","26.4","US$ 26.40","33","US$ 33.00","#45","3485","https://www.yesstyle.com/en/numbuzin-no-9-nad-bio-lifting-sil-essence-50ml-2025-version-50ml/info.html/pid.1132864358"
"2026-04-23","45","1130836320","KSECRET","SEOUL 1988 Eye Cream : Retinal Liposome 4% + Fermented Bean","USD","17.6","US$ 17.60","22","US$ 22.00","#46","8553","https://www.yesstyle.com/en/ksecret-seoul-1988-eye-cream-retinal-liposome-4-fermented-bean-30ml/info.html/pid.1130836320"
"2026-04-23","46","1127471822","AXIS-Y","Vegan Collagen Eye Serum","USD","19","US$ 19.00","24","US$ 24.00","#47","4813","https://www.yesstyle.com/en/axis-y-vegan-collagen-eye-serum-10ml/info.html/pid.1127471822"
"2026-04-23","47","1134657377","Abib","PDRN Retinal Eye Patch Glow Jelly","USD","18.4","US$ 18.40","23","US$ 23.00","#48","1527","https://www.yesstyle.com/en/abib-pdrn-retinal-eye-patch-glow-jelly-60-patches/info.html/pid.1134657377"
"2026-04-23","48","1134562290","Dr. Althea","345 Relief Cream Bundle Set","USD","41.31","US$ 41.31","54","US$ 54.00","#49","23404","https://www.yesstyle.com/en/dr-althea-345-relief-cream-bundle-set-2-pcs/info.html/pid.1134562290"
"2026-04-23","49","1114237600","TOCOBO","Cotton Soft Sun Stick","USD","16","US$ 16.00","20","US$ 20.00","#50","5647","https://www.yesstyle.com/en/tocobo-cotton-soft-sun-stick-19g/info.html/pid.1114237600"
"2026-04-23","50","1137548574","I'm from","Rice Toner","USD","14.24","US$ 14.24","21.9","US$ 21.90","#51","12836","https://www.yesstyle.com/en/im-from-rice-toner-150ml/info.html/pid.1137548574"
"2026-04-23","51","1133078347","Beauty of Joseon","Relief Sun Aqua-fresh Mini","USD","3.42","US$ 3.42","3.8","US$ 3.80","#52","1910","https://www.yesstyle.com/en/beauty-of-joseon-relief-sun-aqua-fresh-mini-10ml/info.html/pid.1133078347"
"2026-04-23","52","1105987458","mixsoon","Bean Essence Jumbo","USD","24.5","US$ 24.50","35","US$ 35.00","#53","10093","https://www.yesstyle.com/en/mixsoon-bean-essence-jumbo-50ml/info.html/pid.1105987458"
"2026-04-23","53","1134248364","Beauty of Joseon","YesStyle Exclusive Relief Sun Bundle Set","USD","25.87","US$ 25.87","39.8","US$ 39.80","#54","25532","https://www.yesstyle.com/en/beauty-of-joseon-yesstyle-exclusive-relief-sun-bundle-set-3-pcs/info.html/pid.1134248364"
"2026-04-23","54","1124066780","medicube","Collagen Night Wrapping Mask","USD","21.9","US$ 21.90","36.5","US$ 36.50","#55","9991","https://www.yesstyle.com/en/medicube-collagen-night-wrapping-mask-75ml/info.html/pid.1124066780"
"2026-04-23","55","1134227148","medicube","PDRN Pink Collagen Capsule Cream","USD","23.9","US$ 23.90","34.14","US$ 34.14","#56","2972","https://www.yesstyle.com/en/medicube-pdrn-pink-collagen-capsule-cream-55g/info.html/pid.1134227148"
"2026-04-23","56","1134328488","Anua","PDRN Hyaluronic Acid 100 Moisturizing Cream","USD","19.2","US$ 19.20","24","US$ 24.00","#57","1731","https://www.yesstyle.com/en/anua-pdrn-hyaluronic-acid-100-moisturizing-cream-60ml/info.html/pid.1134328488"
"2026-04-23","57","1131154179","celimax","Pore+Dark Spot Brightening Cream","USD","19.2","US$ 19.20","24","US$ 24.00","#58","1949","https://www.yesstyle.com/en/celimax-pore-dark-spot-brightening-cream-35ml/info.html/pid.1131154179"
"2026-04-23","58","1133472809","APLB","Tranexamic Acid Niacinamide Sheet Mask","USD","0.98","US$ 0.98","4.26","US$ 4.26","#59","1692","https://www.yesstyle.com/en/aplb-tranexamic-acid-niacinamide-sheet-mask-25ml/info.html/pid.1133472809"
"2026-04-23","59","1052684695","COSRX","Advanced Snail 96 Mucin Power Essence","USD","20","US$ 20.00","25","US$ 25.00","#60","29585","https://www.yesstyle.com/en/cosrx-advanced-snail-96-mucin-power-essence-100ml/info.html/pid.1052684695"
"2026-04-23","60","1124363690","SKIN1004","Madagascar Centella Probio-Cica Bakuchiol Eye Cream","USD","10.99","US$ 10.99","12.6","US$ 12.60","#61","9497","https://www.yesstyle.com/en/skin1004-madagascar-centella-probio-cica-bakuchiol-eye-cream-20ml/info.html/pid.1124363690"
"2026-04-23","61","1129917448","Anua","Rice 70 Glow Milky Toner","USD","21","US$ 21.00","24.2","US$ 24.20","#62","4857","https://www.yesstyle.com/en/anua-rice-70-glow-milky-toner-250ml/info.html/pid.1129917448"
"2026-04-23","62","1136404512","Mary&May","Spicule Retinol PDRN Cream","USD","13.32","US$ 13.32","14.8","US$ 14.80","#63","776","https://www.yesstyle.com/en/mary-may-spicule-retinol-pdrn-cream-15g/info.html/pid.1136404512"
"2026-04-23","63","1132449346","celimax","The Real Noni Acne Bubble Cleanser","USD","17.6","US$ 17.60","22","US$ 22.00","#64","3295","https://www.yesstyle.com/en/celimax-the-real-noni-acne-bubble-cleanser-155ml/info.html/pid.1132449346"
"2026-04-23","64","1122949317","APLB","Glutathione Niacinamide Body Lotion","USD","9.8","US$ 9.80","16.61","US$ 16.61","#65","6927","https://www.yesstyle.com/en/aplb-glutathione-niacinamide-body-lotion-300ml/info.html/pid.1122949317"
"2026-04-23","65","1129006061","Anua","Heartleaf Quercetinol Pore Deep Cleansing Foam","USD","14","US$ 14.00","17.1","US$ 17.10","#66","10669","https://www.yesstyle.com/en/anua-heartleaf-quercetinol-pore-deep-cleansing-foam-150ml/info.html/pid.1129006061"
"2026-04-23","66","1137487197","medicube","PDRN Pink Vita Coating Mask","USD","3.49","US$ 3.49","4.1","US$ 4.10","#67","26","https://www.yesstyle.com/en/medicube-pdrn-pink-vita-coating-mask-22g-x-1-sheet/info.html/pid.1137487197"
"2026-04-23","67","1113064817","SKIN1004","Madagascar Centella Poremizing Fresh Ampoule Jumbo","USD","12.5","US$ 12.50","20","US$ 20.00","#68","7873","https://www.yesstyle.com/en/skin1004-madagascar-centella-poremizing-fresh-ampoule-jumbo-100ml/info.html/pid.1113064817"
"2026-04-23","68","1116073910","SKIN1004","Madagascar Centella Poremizing Deep Cleansing Foam","USD","9.5","US$ 9.50","15.8","US$ 15.80","#69","4514","https://www.yesstyle.com/en/skin1004-madagascar-centella-poremizing-deep-cleansing-foam-125ml/info.html/pid.1116073910"
"2026-04-23","69","1124363689","SKIN1004","Madagascar Centella Hyalu-Cica Silky-Fit Sun Stick","USD","11.19","US$ 11.19","14.1","US$ 14.10","#70","8758","https://www.yesstyle.com/en/skin1004-madagascar-centella-hyalu-cica-silky-fit-sun-stick-20g/info.html/pid.1124363689"
"2026-04-23","70","1116073911","SKIN1004","Madagascar Centella Poremizing Light Gel Cream","USD","11.76","US$ 11.76","21","US$ 21.00","#71","5540","https://www.yesstyle.com/en/skin1004-madagascar-centella-poremizing-light-gel-cream-75ml/info.html/pid.1116073911"
"2026-04-23","71","1129799320","haruharu wonder","Black Rice Probiotics Barrier Essence","USD","19.6","US$ 19.60","28","US$ 28.00","#72","3629","https://www.yesstyle.com/en/haruharu-wonder-black-rice-probiotics-barrier-essence-120ml/info.html/pid.1129799320"
"2026-04-23","72","1136608129","Anua","Rice 70 Glow Milky Toner 150ml","USD","11.05","US$ 11.05","17","US$ 17.00","#73","198","https://www.yesstyle.com/en/anua-rice-70-glow-milky-toner-150ml-150ml/info.html/pid.1136608129"
"2026-04-23","73","1131427728","Dr. Althea","Vitamin C Boosting Serum","USD","20.32","US$ 20.32","23.9","US$ 23.90","#74","3556","https://www.yesstyle.com/en/dr-althea-vitamin-c-boosting-serum-30ml/info.html/pid.1131427728"
"2026-04-23","74","1123474315","SKIN1004","Madagascar Centella Probio-Cica Intensive Ampoule Jumbo","USD","17.39","US$ 17.39","25.5","US$ 25.50","#75","6650","https://www.yesstyle.com/en/skin1004-madagascar-centella-probio-cica-intensive-ampoule-jumbo-95ml/info.html/pid.1123474315"
"2026-04-23","75","1048964957","MISSHA","M Perfect Cover BB Cream SPF42 PA+++ - 7 Colors","USD","14.9","US$ 14.90","19","US$ 19.00","#76","9190","https://www.yesstyle.com/en/missha-m-perfect-cover-bb-cream-spf42-pa-7-colors/info.html/pid.1048964957"
"2026-04-23","76","1061020764","THE FACE SHOP","Real Nature Face Mask 1pc (20 Types) 20g","USD","2","US$ 2.00","3.4","US$ 3.40","#77","5363","https://www.yesstyle.com/en/the-face-shop-real-nature-face-mask-1pc-20-types-20g-calendula/info.html/pid.1061020764"
"2026-04-23","77","1122266868","NINELESS","A-Control 10% Azelaic Acid Serum","USD","10.65","US$ 10.65","14.2","US$ 14.20","#78","4776","https://www.yesstyle.com/en/nineless-a-control-10-azelaic-acid-serum-30ml/info.html/pid.1122266868"
"2026-04-23","78","1134248257","Beauty of Joseon","YesStyle Exclusive Relief Sun Aqua-fresh Bundle Set","USD","25.87","US$ 25.87","39.8","US$ 39.80","#79","6328","https://www.yesstyle.com/en/beauty-of-joseon-yesstyle-exclusive-relief-sun-aqua-fresh-bundle-set/info.html/pid.1134248257"
"2026-04-23","79","1096176653","CLIO","Kill Lash Superproof Mascara - 4 Types","USD","11.07","US$ 11.07","12.3","US$ 12.30","#80","3907","https://www.yesstyle.com/en/clio-kill-lash-superproof-mascara-4-types-br01-choco-brown/info.html/pid.1096176653"
"2026-04-23","80","1129377100","ETUDE","My Lash Serum","USD","4.8","US$ 4.80","6.4","US$ 6.40","#81","17843","https://www.yesstyle.com/en/etude-my-lash-serum-2024-version-9g/info.html/pid.1129377100"
"2026-04-23","81","1057117741","The Saem","Cover Perfection Tip Concealer - 14 Colors","USD","5.59","US$ 5.59","6.99","US$ 6.99","#82","20130","https://www.yesstyle.com/en/the-saem-cover-perfection-tip-concealer-14-colors-03-tan/info.html/pid.1057117741"
"2026-04-23","82","1126677476","SOME BY MI","30 Days Miracle Clear Spot Patch","USD","3","US$ 3.00","4.4","US$ 4.40","#83","5507","https://www.yesstyle.com/en/some-by-mi-30-days-miracle-clear-spot-patch-2023-version-18-pcs/info.html/pid.1126677476"
"2026-04-23","83","1124137872","numbuzin","No.5+ Glutathione Vitamin Concentrated Serum","USD","19.99","US$ 19.99","26.3","US$ 26.30","#84","6362","https://www.yesstyle.com/en/numbuzin-no-5-glutathione-vitamin-concentrated-serum-30ml/info.html/pid.1124137872"
"2026-04-23","84","1097949802","haruharu wonder","Black Rice Moisture 5.5 Soft Cleansing Gel","USD","11.9","US$ 11.90","17","US$ 17.00","#85","4644","https://www.yesstyle.com/en/haruharu-wonder-black-rice-moisture-5-5-soft-cleansing-gel-100ml/info.html/pid.1097949802"
"2026-04-23","85","1052684732","COSRX","Low pH Good Morning Gel Cleanser","USD","11.2","US$ 11.20","14.7","US$ 14.70","#86","23476","https://www.yesstyle.com/en/cosrx-low-ph-good-morning-gel-cleanser-150ml/info.html/pid.1052684732"
"2026-04-23","86","1132432413","TIRTIR","Waterism Glow Tint Mini - 30 Colors","USD","6.4","US$ 6.40","8","US$ 8.00","#87","3772","https://www.yesstyle.com/en/tirtir-waterism-glow-tint-mini-30-colors-01-mauve-rose/info.html/pid.1132432413"
"2026-04-23","87","1107199856","SKIN1004","Madagascar Centella Travel Kit","USD","19.28","US$ 19.28","28.1","US$ 28.10","#88","5769","https://www.yesstyle.com/en/skin1004-madagascar-centella-travel-kit-renewed-1-set/info.html/pid.1107199856"
"2026-04-23","88","1135064251","numbuzin","No.9 NAD+ PDRN Glow Boosting Toner","USD","16.5","US$ 16.50","22.3","US$ 22.30","#89","2521","https://www.yesstyle.com/en/numbuzin-no-9-nad-pdrn-glow-boosting-toner-150ml/info.html/pid.1135064251"
"2026-04-23","89","1135033583","Mary&May","Tranexamic Acid + Glutathione Eye Cream Mini Bundle Set","USD","4.6","US$ 4.60","8.2","US$ 8.20","#90","7510","https://www.yesstyle.com/en/mary-may-tranexamic-acid-glutathione-eye-cream-mini-bundle-set-2-pcs/info.html/pid.1135033583"
"2026-04-23","90","1128316294","Purito SEOUL","Daily Soft Touch Sunscreen","USD","15.05","US$ 15.05","21.5","US$ 21.50","#91","2062","https://www.yesstyle.com/en/purito-seoul-daily-soft-touch-sunscreen-60ml/info.html/pid.1128316294"
"2026-04-23","91","1113064810","SKIN1004","Madagascar Centella Soothing Cream","USD","8.4","US$ 8.40","16.8","US$ 16.80","#92","4992","https://www.yesstyle.com/en/skin1004-madagascar-centella-soothing-cream-75ml/info.html/pid.1113064810"
"2026-04-23","92","1113241385","Isntree","Hyaluronic Acid Watery Sun Gel","USD","17.08","US$ 17.08","24.4","US$ 24.40","#93","5111","https://www.yesstyle.com/en/isntree-hyaluronic-acid-watery-sun-gel-50ml/info.html/pid.1113241385"
"2026-04-23","93","1134490327","Anua","Heartleaf Pore Control Cleansing Oil","USD","20","US$ 20.00","21.9","US$ 21.90","#94","13623","https://www.yesstyle.com/en/anua-heartleaf-pore-control-cleansing-oil-200ml/info.html/pid.1134490327"
"2026-04-23","94","1077985196","Canmake","Creamy Touch Liner","USD","6.88","US$ 6.88","8.6","US$ 8.60","#95","1107","https://www.yesstyle.com/en/canmake-creamy-touch-liner-15-cappuccino-pink/info.html/pid.1077985196"
"2026-04-23","95","1125268517","House of Hur","Clearing Skin Prep Essence Pad","USD","16","US$ 16.00","21.3","US$ 21.30","#96","700","https://www.yesstyle.com/en/house-of-hur-clearing-skin-prep-essence-pad-70-pads/info.html/pid.1125268517"
"2026-04-23","96","1128213533","Dr. Althea","Gentle Vitamin C Serum","USD","20.32","US$ 20.32","23.9","US$ 23.90","#97","1848","https://www.yesstyle.com/en/dr-althea-gentle-vitamin-c-serum-30ml/info.html/pid.1128213533"
"2026-04-23","97","1132916196","Centellian24","Madeca Cream Time Reverse","USD","24","US$ 24.00","32","US$ 32.00","#98","4272","https://www.yesstyle.com/en/centellian24-madeca-cream-time-reverse-50ml/info.html/pid.1132916196"
"2026-04-23","98","1129945243","medicube","Deep Vita C Capsule Cream","USD","23.9","US$ 23.90","34","US$ 34.00","#99","3422","https://www.yesstyle.com/en/medicube-deep-vita-c-capsule-cream-55g/info.html/pid.1129945243"
"2026-04-23","99","1137152615","epii","Double Up Cream Ectoin & Panthenol","USD","21.24","US$ 21.24","24.99","US$ 24.99","#100","56","https://www.yesstyle.com/en/epii-double-up-cream-ectoin-panthenol-50ml/info.html/pid.1137152615"
"2026-04-23","60","1136855057","Centellian24","Expert Madeca Cream Active Renew PDRN","USD","28.5","US$ 28.50","38","US$ 38.00","","369","https://www.yesstyle.com/en/centellian24-expert-madeca-cream-active-renew-pdrn-50ml/info.html/pid.1136855057"
"2026-04-23","61","1130946338","celimax","The Vita-A Retinol Shot Tightening Serum","USD","21.6","US$ 21.60","27","US$ 27.00","","2606","https://www.yesstyle.com/en/celimax-the-vita-a-retinol-shot-tightening-serum-30ml/info.html/pid.1130946338"
"2026-04-23","62","1124327971","Judydoll","3D Curling Eyelash Iron Mascara - 9 Types","USD","11.19","US$ 11.19","13.99","US$ 13.99","","8243","https://www.yesstyle.com/en/judydoll-3d-curling-eyelash-iron-mascara-9-types-curly-02-brown-2g/info.html/pid.1124327971"
"2026-04-23","63","1058617520","ETUDE","Soon Jung 2x Barrier Intensive Cream","USD","11.63","US$ 11.63","15.5","US$ 15.50","","9742","https://www.yesstyle.com/en/etude-soon-jung-2x-barrier-intensive-cream-60ml-2021-new/info.html/pid.1058617520"
"2026-04-23","64","1119999139","Abib","Collagen Eye Patch Jericho Rose Jelly","USD","18.4","US$ 18.40","23","US$ 23.00","","4293","https://www.yesstyle.com/en/abib-collagen-eye-patch-jericho-rose-jelly-60-pcs/info.html/pid.1119999139"
"2026-04-23","65","1119542494","Beauty of Joseon","Matte Sun Stick","USD","14.4","US$ 14.40","18","US$ 18.00","","7537","https://www.yesstyle.com/en/beauty-of-joseon-matte-sun-stick-18g/info.html/pid.1119542494"
"2026-04-23","66","1128134342","AESTURA","Ato Barrier 365 Cream","USD","32","US$ 32.00","0","","","2257","https://www.yesstyle.com/en/aestura-ato-barrier-365-cream-80ml/info.html/pid.1128134342"
"2026-04-23","67","1129618340","Kisocare","Azelaic Acid Cream 20%","USD","11.36","US$ 11.36","14.2","US$ 14.20","","697","https://www.yesstyle.com/en/kisocare-azelaic-acid-cream-20-20g/info.html/pid.1129618340"
"2026-04-23","68","1114828296","SKIN1004","Madagascar Centella Air Fit Suncream Light","USD","10.77","US$ 10.77","15.6","US$ 15.60","","2314","https://www.yesstyle.com/en/skin1004-madagascar-centella-air-fit-suncream-light-50ml/info.html/pid.1114828296"
"2026-04-23","69","1048634893","MQNY","MQNY Waterproof Pen Eyeliner - 3 Colors","USD","3.15","US$ 3.15","6.3","US$ 6.30","","16049","https://www.yesstyle.com/en/mqny-mqny-waterproof-pen-eyeliner-3-colors-0-6g/info.html/pid.1048634893"
"2026-04-23","70","1136855059","Centellian24","Madeca Cream Time Reverse Zero 80ml","USD","26.25","US$ 26.25","35","US$ 35.00","","643","https://www.yesstyle.com/en/centellian24-madeca-cream-time-reverse-zero-80ml-80ml/info.html/pid.1136855059"
"2026-04-23","71","1089210994","Beauty of Joseon","Glow Serum","USD","13.6","US$ 13.60","17","US$ 17.00","","11485","https://www.yesstyle.com/en/beauty-of-joseon-glow-serum-30ml/info.html/pid.1089210994"
"2026-04-23","72","1123999568","Judydoll","Slim Liquid Eyeliner - 4 Classic Ultra-Fine Colours","USD","5.82","US$ 5.82","11.99","US$ 11.99","","3990","https://www.yesstyle.com/en/judydoll-slim-liquid-eyeliner-4-classic-ultra-fine-colours-04-gray/info.html/pid.1123999568"
"2026-04-23","73","1131154181","celimax","Pore+ Dark Spot Brightening Care Sunscreen","USD","16.8","US$ 16.80","21","US$ 21.00","","2309","https://www.yesstyle.com/en/celimax-pore-dark-spot-brightening-care-sunscreen-50ml/info.html/pid.1131154181"
"2026-04-23","74","1127264626","Purito SEOUL","Wonder Releaf Centella Serum Unscented","USD","16.1","US$ 16.10","23","US$ 23.00","","6540","https://www.yesstyle.com/en/purito-seoul-wonder-releaf-centella-serum-unscented-60ml/info.html/pid.1127264626"
"2026-04-23","75","1121981732","APLB","Glutathione Niacinamide Facial Cream","USD","9.8","US$ 9.80","16.61","US$ 16.61","","3723","https://www.yesstyle.com/en/aplb-glutathione-niacinamide-facial-cream-55ml/info.html/pid.1121981732"
"2026-04-23","76","1122056968","Kao","Biore UV Aqua Rich Watery Essence Sunscreen SPF 50+ PA++++","USD","10.22","US$ 10.22","14.6","US$ 14.60","","6712","https://www.yesstyle.com/en/kao-biore-uv-aqua-rich-watery-essence-sunscreen-spf-50-pa-70g-2025/info.html/pid.1122056968"
"2026-04-23","77","1134325105","celimax","Oil Control Mattifying Sun Stick","USD","15.2","US$ 15.20","19","US$ 19.00","","2400","https://www.yesstyle.com/en/celimax-oil-control-mattifying-sun-stick-19g/info.html/pid.1134325105"
"2026-04-23","78","1103198080","Mary&May","Tranexamic Acid + Glutathione Eye Cream","USD","8.91","US$ 8.91","9.9","US$ 9.90","","4721","https://www.yesstyle.com/en/mary-may-tranexamic-acid-glutathione-eye-cream-30g/info.html/pid.1103198080"
"2026-04-23","79","1131583092","Purito SEOUL","Wonder Releaf Centella BB Cream - 6 Colors","USD","9.8","US$ 9.80","14","US$ 14.00","","4860","https://www.yesstyle.com/en/purito-seoul-wonder-releaf-centella-bb-cream-6-colors-13-neutral-ivory/info.html/pid.1131583092"
"2026-04-23","80","1052684665","COSRX","Advanced Snail 92 All In One Cream","USD","20.8","US$ 20.80","26","US$ 26.00","","14086","https://www.yesstyle.com/en/cosrx-advanced-snail-92-all-in-one-cream/info.html/pid.1052684665"
"2026-04-23","81","1134047328","medicube","PDRN Pink Collagen Gel Mask Set","USD","21.9","US$ 21.90","35.32","US$ 35.32","","879","https://www.yesstyle.com/en/medicube-pdrn-pink-collagen-gel-mask-set-28g-x-4-sheets/info.html/pid.1134047328"
"2026-04-23","82","1083257472","TIRTIR","Milk Skin Toner Jumbo","USD","20","US$ 20.00","28.5","US$ 28.50","","6093","https://www.yesstyle.com/en/tirtir-milk-skin-toner-jumbo-150ml/info.html/pid.1083257472"
"2026-04-23","83","1136952694","Centellian24","Madeca Cream Time Reverse Mini","USD","11.25","US$ 11.25","15","US$ 15.00","","128","https://www.yesstyle.com/en/centellian24-madeca-cream-time-reverse-mini-15ml/info.html/pid.1136952694"
"2026-04-23","84","1134226130","mixsoon","Bean Sun Serum","USD","9.99","US$ 9.99","26.28","US$ 26.28","","1147","https://www.yesstyle.com/en/mixsoon-bean-sun-serum-50ml/info.html/pid.1134226130"
"2026-04-23","85","1137172064","Dr.Reju-All","Advanced PDRN Rejuvenating Cream","USD","29.9","US$ 29.90","46","US$ 46.00","","49","https://www.yesstyle.com/en/dr-reju-all-advanced-pdrn-rejuvenating-cream-20ml/info.html/pid.1137172064"
"2026-04-23","86","1136216665","numbuzin","No.1 Clear Filter Sun Essence","USD","15","US$ 15.00","24","US$ 24.00","","2442","https://www.yesstyle.com/en/numbuzin-no-1-clear-filter-sun-essence-50ml/info.html/pid.1136216665"
"2026-04-23","87","1136854881","Anua","PDRN Hyaluronic Acid Hydrating Capsule Mist","USD","20","US$ 20.00","25","US$ 25.00","","427","https://www.yesstyle.com/en/anua-pdrn-hyaluronic-acid-hydrating-capsule-mist-100ml/info.html/pid.1136854881"
"2026-04-23","88","1128819058","COSRX","Ultra Light Invisible Sunscreen","USD","12.8","US$ 12.80","16","US$ 16.00","","2155","https://www.yesstyle.com/en/cosrx-ultra-light-invisible-sunscreen-50ml/info.html/pid.1128819058"
"2026-04-23","89","1132570151","celimax","Noni Ampoule Calming + Radiance Jumbo","USD","28","US$ 28.00","35","US$ 35.00","","5740","https://www.yesstyle.com/en/celimax-noni-ampoule-calming-radiance-jumbo-50ml/info.html/pid.1132570151"
"2026-04-23","90","1118209017","mixsoon","Centella Cleansing Foam","USD","13.5","US$ 13.50","18","US$ 18.00","","4459","https://www.yesstyle.com/en/mixsoon-centella-cleansing-foam-2024-version-150ml/info.html/pid.1118209017"
"2026-04-23","91","1103053933","ETUDE","Drawing Eyebrow - 7 Colors","USD","3","US$ 3.00","4.3","US$ 4.30","","12895","https://www.yesstyle.com/en/etude-drawing-eyebrow-7-colors-07-light-brown/info.html/pid.1103053933"
"2026-04-23","92","1134551573","ROUND LAB","Birch Juice Moisturizing Sunscreen Bundle Set","USD","35.28","US$ 35.28","56","US$ 56.00","","8592","https://www.yesstyle.com/en/round-lab-birch-juice-moisturizing-sunscreen-bundle-set-2-pcs/info.html/pid.1134551573"
"2026-04-23","93","1134562169","Purito SEOUL","Mighty Bamboo Panthenol Cream Bundle Set","USD","28.98","US$ 28.98","46","US$ 46.00","","15488","https://www.yesstyle.com/en/purito-seoul-mighty-bamboo-panthenol-cream-bundle-set-2-pcs/info.html/pid.1134562169"
"2026-04-23","94","1115102667","peripera","Speedy Skinny Brow Mascara - 10 Colors","USD","4.19","US$ 4.19","6.8","US$ 6.80","","2764","https://www.yesstyle.com/en/peripera-speedy-skinny-brow-mascara-10-colors-04-ash-brown/info.html/pid.1115102667"
"2026-04-23","95","1130119226","ROUND LAB","Birch Juice Hand Cream","USD","5.57","US$ 5.57","8.5","US$ 8.50","","1254","https://www.yesstyle.com/en/round-lab-birch-juice-hand-cream-30ml/info.html/pid.1130119226"
"2026-04-23","96","1131703598","AZTK","Jello Color Liquid Blush - 7 Colors","USD","7.95","US$ 7.95","10.6","US$ 10.60","","1707","https://www.yesstyle.com/en/aztk-jello-color-liquid-blush-7-colors-jc07-orange-ice-cream-5ml/info.html/pid.1131703598"
"2026-04-23","97","1039417845","LANEIGE","Lip Sleeping Mask EX Berry","USD","11.43","US$ 11.43","16.7","US$ 16.70","","11553","https://www.yesstyle.com/en/laneige-lip-sleeping-mask-ex-berry-new-mint-choco-ex/info.html/pid.1039417845"
"2026-04-23","98","1137154808","SKIN1004","Madagascar Centella Hyalu-Cica Water-Fit Sun Serum Jumbo Bundle Set","USD","37.05","US$ 37.05","46.6","US$ 46.60","","0","https://www.yesstyle.com/en/skin1004-madagascar-centella-hyalu-cica-water-fit-sun-serum-jumbo/info.html/pid.1137154808"
"2026-04-23","99","1124066776","medicube","Collagen Jelly Cream","USD","22.9","US$ 22.90","39.48","US$ 39.48","","4641","https://www.yesstyle.com/en/medicube-collagen-jelly-cream-110ml/info.html/pid.1124066776"
"2026-04-23","100","1125962759","Dr. Althea","147 Barrier Cream","USD","22.95","US$ 22.95","27","US$ 27.00","","1704","https://www.yesstyle.com/en/dr-althea-147-barrier-cream-2023-version-50ml/info.html/pid.1125962759"
"2026-04-23","101","1113064820","SKIN1004","Madagascar Centella Hyalu-Cica Moisture Cream","USD","13.71","US$ 13.71","17.5","US$ 17.50","","1737","https://www.yesstyle.com/en/skin1004-madagascar-centella-hyalu-cica-moisture-cream-75ml/info.html/pid.1113064820"
"2026-04-23","102","1038745536","innisfree","No-Sebum Mineral Powder","USD","5.17","US$ 5.17","9","US$ 9.00","","6283","https://www.yesstyle.com/en/innisfree-no-sebum-mineral-powder/info.html/pid.1038745536"
"2026-04-23","103","1128582991","EQQUALBERRY","Swimming Pool Toner 300ml","USD","17.59","US$ 17.59","27","US$ 27.00","","6191","https://www.yesstyle.com/en/eqqualberry-swimming-pool-toner-300ml-300ml/info.html/pid.1128582991"
"2026-04-23","104","1096685001","romand","Juicy Lasting Tint 2020 F/W Series - 4 Colors","USD","7","US$ 7.00","14","US$ 14.00","","5847","https://www.yesstyle.com/en/romand-juicy-lasting-tint-2020-f-w-series-4-colors-21-deep-sangria/info.html/pid.1096685001"
"2026-04-23","105","1077182357","SKIN1004","Madagascar Centella Toning Toner","USD","13.5","US$ 13.50","21.1","US$ 21.10","","3455","https://www.yesstyle.com/en/skin1004-madagascar-centella-toning-toner-210ml/info.html/pid.1077182357"
"2026-04-23","106","1063505379","Beauty of Joseon","Dynasty Cream","USD","19.2","US$ 19.20","24","US$ 24.00","","4876","https://www.yesstyle.com/en/beauty-of-joseon-dynasty-cream-50g/info.html/pid.1063505379"
"2026-04-23","107","1126652949","romand","Glasting Color Gloss - 7 Colors","USD","13.99","US$ 13.99","0","","","5865","https://www.yesstyle.com/en/romand-glasting-color-gloss-7-colors-06-deepen-moor/info.html/pid.1126652949"
"2026-04-23","108","1124133306","COSRX","The 6 Peptide Skin Booster","USD","20","US$ 20.00","25","US$ 25.00","","8914","https://www.yesstyle.com/en/cosrx-the-6-peptide-skin-booster-150ml/info.html/pid.1124133306"
"2026-04-23","109","1058331256","ISEHAN","Kiss Me Heroine Make Speedy Mascara Remover Blue Packing","USD","7.04","US$ 7.04","8.8","US$ 8.80","","4324","https://www.yesstyle.com/en/isehan-kiss-me-heroine-make-speedy-mascara-remover-blue-packing-6/info.html/pid.1058331256"
"2026-04-23","110","1134135585","Laka","Fruity Glam Tint Mini - 80 Colors","USD","8.99","US$ 8.99","12","US$ 12.00","","641","https://www.yesstyle.com/en/laka-fruity-glam-tint-mini-80-colors-101-joyful/info.html/pid.1134135585"
"2026-04-23","111","1129049939","Beauty of Joseon","Glow Replenishing Rice Milk","USD","14.4","US$ 14.40","18","US$ 18.00","","3264","https://www.yesstyle.com/en/beauty-of-joseon-glow-replenishing-rice-milk-150ml/info.html/pid.1129049939"
"2026-04-23","112","1134869264","VT","PDRN Capsule Cream 100","USD","19.58","US$ 19.58","33.19","US$ 33.19","","1929","https://www.yesstyle.com/en/vt-pdrn-capsule-cream-100-50ml/info.html/pid.1134869264"
"2026-04-23","113","1050282216","Elizavecca","Milky Piggy CER-100 Collagen Ceramide Coating Protein Treatment","USD","8","US$ 8.00","11.4","US$ 11.40","","4836","https://www.yesstyle.com/en/elizavecca-milky-piggy-cer-100-collagen-ceramide-coating-protein-treatment/info.html/pid.1050282216"
"2026-04-23","114","1102347736","haruharu wonder","Black Rice Hyaluronic Toner Fragrance Free","USD","12.6","US$ 12.60","18","US$ 18.00","","6779","https://www.yesstyle.com/en/haruharu-wonder-black-rice-hyaluronic-toner-fragrance-free-150ml/info.html/pid.1102347736"
"2026-04-23","115","1124413504","TIRTIR","Mask Fit Red Cushion Mini - 40 Colors","USD","12","US$ 12.00","15","US$ 15.00","","5209","https://www.yesstyle.com/en/tirtir-mask-fit-red-cushion-mini-40-colors-55n-espresso/info.html/pid.1124413504"
"2026-04-23","116","1118864369","mixsoon","Bean Cleansing Oil Jumbo","USD","18.75","US$ 18.75","25","US$ 25.00","","4321","https://www.yesstyle.com/en/mixsoon-bean-cleansing-oil-jumbo-195ml/info.html/pid.1118864369"
"2026-04-23","117","1062581559","COSRX","Clear Fit Master Patch","USD","4.8","US$ 4.80","6","US$ 6.00","","4884","https://www.yesstyle.com/en/cosrx-clear-fit-master-patch/info.html/pid.1062581559"
"2026-04-23","118","1137150337","Anua","Azelaic Acid 10 Hyaluron Redness Soothing Serum Bundle Set","USD","39.6","US$ 39.60","44","US$ 44.00","","0","https://www.yesstyle.com/en/anua-azelaic-acid-10-hyaluron-redness-soothing-serum-bundle-set-2/info.html/pid.1137150337"
"2026-04-23","119","1131989391","Biodance","Bio-Collagen Real Deep Mask Set","USD","19","US$ 19.00","0","","","2375","https://www.yesstyle.com/en/biodance-bio-collagen-real-deep-mask-set-34g-x-4-sheets/info.html/pid.1131989391"
"2026-04-23","120","1135919200","Derma: B","Everyday Sun Block","USD","15","US$ 15.00","21.9","US$ 21.90","","1070","https://www.yesstyle.com/en/derma-b-everyday-sun-block-200ml/info.html/pid.1135919200"
"2026-04-23","121","1137514354","SKIN1004","Madagascar Centella Hyalu-Cica Water-Fit Sun Serum Twin Pack 2pcs Bundle Set","USD","37.41","US$ 37.41","50.4","US$ 50.40","","0","https://www.yesstyle.com/en/skin1004-madagascar-centella-hyalu-cica-water-fit-sun-serum-twin-pack/info.html/pid.1137514354"
"2026-04-23","122","1127631957","VT","Reedle Shot Lifting Eye Cream","USD","20.74","US$ 20.74","25.92","US$ 25.92","","1174","https://www.yesstyle.com/en/vt-reedle-shot-lifting-eye-cream-15ml/info.html/pid.1127631957"
"2026-04-23","123","1134538838","SKIN1004","Lab in Nature Madagascar Centella Retinol 0.2 Boosting Shot Ampoule","USD","15.89","US$ 15.89","24","US$ 24.00","","1871","https://www.yesstyle.com/en/skin1004-lab-in-nature-madagascar-centella-retinol-0-2-boosting-shot/info.html/pid.1134538838"
"2026-04-23","124","1045777260","ETUDE","Dear Darling Water Tint - 9 Colors","USD","4.19","US$ 4.19","6.8","US$ 6.80","","8530","https://www.yesstyle.com/en/etude-dear-darling-water-tint-9-colors-05-grape-ade/info.html/pid.1045777260"
"2026-04-23","125","1118209026","mixsoon","Centella Sun Cream","USD","10","US$ 10.00","25","US$ 25.00","","3485","https://www.yesstyle.com/en/mixsoon-centella-sun-cream-50g/info.html/pid.1118209026"
"2026-04-23","126","1129917449","Anua","7 Rice Ceramide Hydrating Barrier Serum","USD","22","US$ 22.00","0","","","3941","https://www.yesstyle.com/en/anua-7-rice-ceramide-hydrating-barrier-serum-50ml/info.html/pid.1129917449"
"2026-04-23","127","1124066765","medicube","Collagen Lifting Mask","USD","3","US$ 3.00","6","US$ 6.00","","1691","https://www.yesstyle.com/en/medicube-collagen-lifting-mask-27g/info.html/pid.1124066765"
"2026-04-23","128","1133078348","Beauty of Joseon","Revive Eye Serum Mini","USD","4.96","US$ 4.96","6.2","US$ 6.20","","690","https://www.yesstyle.com/en/beauty-of-joseon-revive-eye-serum-mini-10ml/info.html/pid.1133078348"
"2026-04-23","129","1100580255","UNLEASHIA","Glitterpedia Eye Palette - 9 Types","USD","18.2","US$ 18.20","26","US$ 26.00","","7115","https://www.yesstyle.com/en/unleashia-glitterpedia-eye-palette-9-types-n-1-all-of-glitter/info.html/pid.1100580255"
"2026-04-23","130","1130299070","LANEIGE","Lip Glowy Balm - 6 Types","USD","12.82","US$ 12.82","16.3","US$ 16.30","","665","https://www.yesstyle.com/en/laneige-lip-glowy-balm-6-types-sweet-candy/info.html/pid.1130299070"
"2026-04-23","131","1125812344","MEDIPEEL","Peptide 9 Volume And Tension Tox Cream Pro","USD","18.18","US$ 18.18","20.2","US$ 20.20","","1460","https://www.yesstyle.com/en/medipeel-peptide-9-volume-and-tension-tox-cream-pro-50g/info.html/pid.1125812344"
"2026-04-23","132","1133538031","The Ordinary","Glycolic Acid 7% Exfoliating Toner","USD","18.62","US$ 18.62","19.6","US$ 19.60","","735","https://www.yesstyle.com/en/the-ordinary-glycolic-acid-7-exfoliating-toner-100ml/info.html/pid.1133538031"
"2026-04-23","133","1136172558","SUNGBOON EDITOR","Silk Peptide Intensive Lifting Ampoule","USD","29","US$ 29.00","45","US$ 45.00","","397","https://www.yesstyle.com/en/sungboon-editor-silk-peptide-intensive-lifting-ampoule-30ml/info.html/pid.1136172558"
"2026-04-23","134","1052684728","COSRX","Salicylic Acid Daily Gentle Cleanser","USD","11.2","US$ 11.20","14.4","US$ 14.40","","8292","https://www.yesstyle.com/en/cosrx-salicylic-acid-daily-gentle-cleanser/info.html/pid.1052684728"
"2026-04-23","135","1134315119","haruharu wonder","Black Rice Moisture Deep Cleansing Oil","USD","17.5","US$ 17.50","25","US$ 25.00","","1391","https://www.yesstyle.com/en/haruharu-wonder-black-rice-moisture-deep-cleansing-oil-150ml/info.html/pid.1134315119"
"2026-04-23","136","1134551762","Anua","Heartleaf 77 Soothing Toner","USD","21","US$ 21.00","24.1","US$ 24.10","","9493","https://www.yesstyle.com/en/anua-heartleaf-77-soothing-toner-250ml/info.html/pid.1134551762"
"2026-04-23","137","1136684590","fwee","Rose Obsession Stay-Fit Lip Tint - 18 Colors","USD","10.2","US$ 10.20","17","US$ 17.00","","435","https://www.yesstyle.com/en/fwee-rose-obsession-stay-fit-lip-tint-18-colors-gw01-honey-rose/info.html/pid.1136684590"
"2026-04-23","138","1112455824","haruharu wonder","Black Rice Bakuchiol Eye Cream","USD","15.4","US$ 15.40","22","US$ 22.00","","4335","https://www.yesstyle.com/en/haruharu-wonder-black-rice-bakuchiol-eye-cream-20ml/info.html/pid.1112455824"
"2026-04-23","139","1128770343","fwee","3D Voluming Gloss - 21 Colors","USD","14.45","US$ 14.45","17","US$ 17.00","","1561","https://www.yesstyle.com/en/fwee-3d-voluming-gloss-21-colors-b06-scotch-70/info.html/pid.1128770343"
"2026-04-23","140","1133254182","CELDYQUE","Volufiline 100%","USD","13.23","US$ 13.23","14.7","US$ 14.70","","675","https://www.yesstyle.com/en/celdyque-volufiline-100-10ml/info.html/pid.1133254182"
"2026-04-23","141","1131568454","EQQUALBERRY","Bakuchiol Plumping Serum","USD","18.74","US$ 18.74","24.99","US$ 24.99","","4599","https://www.yesstyle.com/en/eqqualberry-bakuchiol-plumping-serum-30ml/info.html/pid.1131568454"
"2026-04-23","142","1132449410","Anua","PDRN Hyaluronic Acid Capsule 100 Serum","USD","28","US$ 28.00","0","","","1377","https://www.yesstyle.com/en/anua-pdrn-hyaluronic-acid-capsule-100-serum-30ml/info.html/pid.1132449410"
"2026-04-23","143","1052684693","COSRX","BHA Blackhead Power Liquid","USD","20","US$ 20.00","25","US$ 25.00","","5182","https://www.yesstyle.com/en/cosrx-bha-blackhead-power-liquid/info.html/pid.1052684693"
"2026-04-23","144","1127076486","CLIO","Sharp So Simple Waterproof Pencil Liner - 11 Colors","USD","7.02","US$ 7.02","7.8","US$ 7.80","","1496","https://www.yesstyle.com/en/clio-sharp-so-simple-waterproof-pencil-liner-11-colors-07-creamy-ivory/info.html/pid.1127076486"
"2026-04-23","145","1129746067","medicube","Zero Pore Blackhead Mud Mask","USD","20","US$ 20.00","25","US$ 25.00","","1719","https://www.yesstyle.com/en/medicube-zero-pore-blackhead-mud-mask-100g/info.html/pid.1129746067"
"2026-04-23","146","1060762174","d'Alba","White Truffle First Spray Serum Mini","USD","18","US$ 18.00","20","US$ 20.00","","1138","https://www.yesstyle.com/en/dalba-white-truffle-first-spray-serum-mini-50ml/info.html/pid.1060762174"
"2026-04-23","147","1113064814","SKIN1004","Madagascar Centella Air-Fit Suncream Plus","USD","11.99","US$ 11.99","15.4","US$ 15.40","","1873","https://www.yesstyle.com/en/skin1004-madagascar-centella-air-fit-suncream-plus-50ml/info.html/pid.1113064814"
"2026-04-23","148","1133085504","mixsoon","9-Step Trial Kit","USD","1.99","US$ 1.99","4.43","US$ 4.43","","718","https://www.yesstyle.com/en/mixsoon-9-step-trial-kit-9-pcs/info.html/pid.1133085504"
"2026-04-23","149","1120208639","SKIN1004","Madagascar Centella Probio-Cica Essence Toner","USD","13.5","US$ 13.50","21","US$ 21.00","","2348","https://www.yesstyle.com/en/skin1004-madagascar-centella-probio-cica-essence-toner-210ml/info.html/pid.1120208639"
"2026-04-23","150","1128692848","TIRTIR","Mask Fit Make Up Fixer","USD","12","US$ 12.00","15","US$ 15.00","","3629","https://www.yesstyle.com/en/tirtir-mask-fit-make-up-fixer-80ml/info.html/pid.1128692848"
"2026-04-23","151","1105987486","mixsoon","Bean Cream","USD","24.5","US$ 24.50","35","US$ 35.00","","2868","https://www.yesstyle.com/en/mixsoon-bean-cream-50ml/info.html/pid.1105987486"
"2026-04-23","152","1052684630","COSRX","Aloe Soothing Sun Cream","USD","12.8","US$ 12.80","16","US$ 16.00","","14215","https://www.yesstyle.com/en/cosrx-aloe-soothing-sun-cream-50ml/info.html/pid.1052684630"
"2026-04-23","153","1135918971","EQQUALBERRY","NAD+ Peptide Boosting Serum","USD","18.74","US$ 18.74","24.99","US$ 24.99","","1117","https://www.yesstyle.com/en/eqqualberry-nad-peptide-boosting-serum-30ml/info.html/pid.1135918971"
"2026-04-23","154","1113888114","SKIN1004","Madagascar Centella Tea-Trica Relief Ampoule","USD","14.5","US$ 14.50","23.1","US$ 23.10","","3216","https://www.yesstyle.com/en/skin1004-madagascar-centella-tea-trica-relief-ampoule-100ml/info.html/pid.1113888114"
"2026-04-23","155","1137473930","Dr.Melaxin","Calcium Volume Multi Balm","USD","23.04","US$ 23.04","38.4","US$ 38.40","","495","https://www.yesstyle.com/en/dr-melaxin-calcium-volume-multi-balm-9g/info.html/pid.1137473930"
"2026-04-23","156","1129649866","S.NATURE","Aqua Squalane Moisturizing Cream","USD","19.69","US$ 19.69","21.88","US$ 21.88","","1622","https://www.yesstyle.com/en/s-nature-aqua-squalane-moisturizing-cream-60ml/info.html/pid.1129649866"
"2026-04-23","157","1136280232","Dr. Althea","Aqua Marine Jelly Mist","USD","16.92","US$ 16.92","19.9","US$ 19.90","","760","https://www.yesstyle.com/en/dr-althea-aqua-marine-jelly-mist-100ml/info.html/pid.1136280232"
"2026-04-23","158","1117864233","beplain","Mung Bean Cleansing Oil Jumbo","USD","21","US$ 21.00","29","US$ 29.00","","1288","https://www.yesstyle.com/en/beplain-mung-bean-cleansing-oil-jumbo-200ml/info.html/pid.1117864233"
"2026-04-23","159","1135918989","Anua","YesStyle Exclusive Double Cleansing Duo Set","USD","27","US$ 27.00","36","US$ 36.00","","887","https://www.yesstyle.com/en/anua-yesstyle-exclusive-double-cleansing-duo-set-2-pcs/info.html/pid.1135918989"
"2026-04-23","120","1112362628","AROMATICA","Rosemary Root Enhancer","USD","13.86","US$ 13.86","16.3","US$ 16.30","","2348","https://www.yesstyle.com/en/aromatica-rosemary-root-enhancer-new-100ml/info.html/pid.1112362628"
"2026-04-23","121","1074112897","ROUND LAB","1025 Dokdo Toner","USD","13.6","US$ 13.60","18.63","US$ 18.63","","4232","https://www.yesstyle.com/en/round-lab-1025-dokdo-toner-200ml/info.html/pid.1074112897"
"2026-04-23","122","1067104673","I'm from","Mugwort Essence","USD","19.24","US$ 19.24","29.6","US$ 29.60","","3251","https://www.yesstyle.com/en/im-from-mugwort-essence-160ml/info.html/pid.1067104673"
"2026-04-23","123","1087081998","Beauty of Joseon","Centella Asiatica Calming Mask","USD","2","US$ 2.00","2.5","US$ 2.50","","2050","https://www.yesstyle.com/en/beauty-of-joseon-centella-asiatica-calming-mask-25ml-x-1-pc/info.html/pid.1087081998"
"2026-04-23","124","1105987485","mixsoon","Glacier Water Hyaluronic Acid Serum Jumbo","USD","21.75","US$ 21.75","29","US$ 29.00","","4693","https://www.yesstyle.com/en/mixsoon-glacier-water-hyaluronic-acid-serum-jumbo-300ml/info.html/pid.1105987485"
"2026-04-23","125","1124328310","Judydoll","2 IN 1 Highlighter Contour Palette - 3 Colors","USD","10.69","US$ 10.69","16.99","US$ 16.99","","3356","https://www.yesstyle.com/en/judydoll-2-in-1-highlighter-contour-palette-3-colors-02-wood-9g/info.html/pid.1124328310"
"2026-04-23","126","1132263889","Isntree","Onion Newpair Soothing Mask","USD","0.98","US$ 0.98","4.9","US$ 4.90","","339","https://www.yesstyle.com/en/isntree-onion-newpair-soothing-mask-25g-x-1-sheet/info.html/pid.1132263889"
"2026-04-23","127","1125497635","ViCREA","&honey Melty Moist Repair Shampoo 1.0","USD","20.48","US$ 20.48","25.6","US$ 25.60","","1578","https://www.yesstyle.com/en/vicrea-honey-melty-moist-repair-shampoo-1-0-440ml/info.html/pid.1125497635"
"2026-04-23","128","1131069920","House of Hur","Moist Ampoule Blusher Mini - 9 Colors","USD","6.4","US$ 6.40","9.1","US$ 9.10","","2869","https://www.yesstyle.com/en/house-of-hur-moist-ampoule-blusher-mini-9-colors-01-nude-beige/info.html/pid.1131069920"
"2026-04-23","129","1128135752","SOME BY MI","Cica Peptide Anti Hair Loss Derma Scalp Tonic","USD","14.4","US$ 14.40","20.6","US$ 20.60","","2593","https://www.yesstyle.com/en/some-by-mi-cica-peptide-anti-hair-loss-derma-scalp-tonic-2024-version/info.html/pid.1128135752"
"2026-04-23","130","1136909428","Dinto","Blur-Glowy Mini Lip Tint - 11 Colors","USD","9.5","US$ 9.50","10","US$ 10.00","","96","https://www.yesstyle.com/en/dinto-blur-glowy-mini-lip-tint-11-colors-251-pax-romana/info.html/pid.1136909428"
"2026-04-23","131","1134574158","Anua","Niacinamide 10 TXA 4 Serum Bundle Set","USD","39.6","US$ 39.60","44","US$ 44.00","","13418","https://www.yesstyle.com/en/anua-niacinamide-10-txa-4-serum-bundle-set-2-pcs/info.html/pid.1134574158"
"2026-04-23","132","1136909397","Dinto","Blur-Glowy Lip Tint - 34 Colors","USD","19","US$ 19.00","20","US$ 20.00","","90","https://www.yesstyle.com/en/dinto-blur-glowy-lip-tint-34-colors-201-nobilitas/info.html/pid.1136909397"
"2026-04-23","133","1074396105","Canmake","Mermaid Skin Gel UV Sunscreen SPF 50+ PA++++","USD","9.6","US$ 9.60","12","US$ 12.00","","4993","https://www.yesstyle.com/en/canmake-mermaid-skin-gel-uv-sunscreen-spf-50-pa/info.html/pid.1074396105"
"2026-04-23","134","1112931041","MISSHA","All Around Safe Block Aqua Sun","USD","9.36","US$ 9.36","10.4","US$ 10.40","","3129","https://www.yesstyle.com/en/missha-all-around-safe-block-aqua-sun-2022-new-50ml/info.html/pid.1112931041"
"2026-04-23","135","1137023525","SKIN1004","Madagascar Centella Poremizing Travel Kit","USD","19.08","US$ 19.08","21.2","US$ 21.20","","127","https://www.yesstyle.com/en/skin1004-madagascar-centella-poremizing-travel-kit-4-pcs/info.html/pid.1137023525"
"2026-04-23","136","1116073912","SKIN1004","Madagascar Centella Tea-trica BHA Foam","USD","9.5","US$ 9.50","16","US$ 16.00","","2246","https://www.yesstyle.com/en/skin1004-madagascar-centella-tea-trica-bha-foam-125ml/info.html/pid.1116073912"
"2026-04-23","137","1128213530","Dr. Althea","Pure Grinding Cleansing Balm","USD","19.47","US$ 19.47","22.9","US$ 22.90","","1981","https://www.yesstyle.com/en/dr-althea-pure-grinding-cleansing-balm-50ml/info.html/pid.1128213530"
"2026-04-23","138","1137018931","COSRX","Advanced The Vitamin C 23 Serum","USD","20","US$ 20.00","25","US$ 25.00","","2944","https://www.yesstyle.com/en/cosrx-advanced-the-vitamin-c-23-serum-20g/info.html/pid.1137018931"
"2026-04-23","139","1113521174","Isntree","Hyaluronic Acid Moist Cream","USD","17.76","US$ 17.76","22.2","US$ 22.20","","2318","https://www.yesstyle.com/en/isntree-hyaluronic-acid-moist-cream-80ml/info.html/pid.1113521174"
"2026-04-23","140","1113064808","SKIN1004","Madagascar Centella Quick Calming Pad","USD","13.5","US$ 13.50","21.2","US$ 21.20","","2320","https://www.yesstyle.com/en/skin1004-madagascar-centella-quick-calming-pad-70-sheets/info.html/pid.1113064808"
"2026-04-23","141","1132845678","Anua","Rice 70 Glow Milky Toner Mini","USD","6","US$ 6.00","8.9","US$ 8.90","","1622","https://www.yesstyle.com/en/anua-rice-70-glow-milky-toner-mini-40ml/info.html/pid.1132845678"
"2026-04-23","142","1129543149","xixi","Glitter Mud Eyeshadow - 6 Colors","USD","2.88","US$ 2.88","3.6","US$ 3.60","","1123","https://www.yesstyle.com/en/xixi-glitter-mud-eyeshadow-6-colors-3-2-7g/info.html/pid.1129543149"
"2026-04-23","143","1117014693","TIRTIR","Mask Fit Red Cushion - 40 Colors","USD","22.5","US$ 22.50","25","US$ 25.00","","6101","https://www.yesstyle.com/en/tirtir-mask-fit-red-cushion-40-colors-55n-espresso/info.html/pid.1117014693"
"2026-04-23","144","1127951299","Pudaier","Matte Lippie Pencil - 12 Colors","USD","2.88","US$ 2.88","3.6","US$ 3.60","","1544","https://www.yesstyle.com/en/pudaier-matte-lippie-pencil-12-colors-10-2g/info.html/pid.1127951299"
"2026-04-23","145","1129049997","Beauty of Joseon","Ground Rice and Honey Glow Mask","USD","16.2","US$ 16.20","18","US$ 18.00","","2702","https://www.yesstyle.com/en/beauty-of-joseon-ground-rice-and-honey-glow-mask-150ml/info.html/pid.1129049997"
"2026-04-23","146","1137150374","SKIN1004","Madagascar Centella Light Cleansing Oil Bundle Set","USD","25","US$ 25.00","40","US$ 40.00","","0","https://www.yesstyle.com/en/skin1004-madagascar-centella-light-cleansing-oil-bundle-set-2-pcs/info.html/pid.1137150374"
"2026-04-23","147","1135248571","d'Alba","White Truffle First Spray Serum","USD","23.4","US$ 23.40","26","US$ 26.00","","638","https://www.yesstyle.com/en/dalba-white-truffle-first-spray-serum-100ml/info.html/pid.1135248571"
"2026-04-23","148","1129945247","medicube","Red Acne Body Peeling Shot","USD","21.9","US$ 21.90","29","US$ 29.00","","802","https://www.yesstyle.com/en/medicube-red-acne-body-peeling-shot-110g/info.html/pid.1129945247"
"2026-04-23","149","1122949321","APLB","Glutathione Niacinamide Sunscreen","USD","9.8","US$ 9.80","16.61","US$ 16.61","","1865","https://www.yesstyle.com/en/aplb-glutathione-niacinamide-sunscreen-40ml/info.html/pid.1122949321"
"2026-04-23","150","1136203328","Cell Fusion C","Skin Blemish Balm Intensive - 6 Colors","USD","13.8","US$ 13.80","19.17","US$ 19.17","","641","https://www.yesstyle.com/en/cell-fusion-c-skin-blemish-balm-intensive-6-colors-40ml/info.html/pid.1136203328"
"2026-04-23","151","1134308336","SKIN1004","Madagascar Centella Poremizing Velvet Finish Sunscreen","USD","12.73","US$ 12.73","15.6","US$ 15.60","","706","https://www.yesstyle.com/en/skin1004-madagascar-centella-poremizing-velvet-finish-sunscreen-50ml/info.html/pid.1134308336"
"2026-04-23","152","1124363687","SKIN1004","Madagascar Centella Hyalu-Cica Water-Fit Sun Serum Mini","USD","4.5","US$ 4.50","7","US$ 7.00","","1371","https://www.yesstyle.com/en/skin1004-madagascar-centella-hyalu-cica-water-fit-sun-serum-mini-15ml/info.html/pid.1124363687"
"2026-04-23","153","1114237602","TOCOBO","Bio Watery Sun Cream","USD","16","US$ 16.00","20","US$ 20.00","","1619","https://www.yesstyle.com/en/tocobo-bio-watery-sun-cream-50ml/info.html/pid.1114237602"
"2026-04-23","154","1129906911","hince","True Dimension Radiance Balm - 7 Colors","USD","18.7","US$ 18.70","0","","","1301","https://www.yesstyle.com/en/hince-true-dimension-radiance-balm-7-colors-01-clear/info.html/pid.1129906911"
"2026-04-23","155","1136216679","numbuzin","No.5+ Glutathione Vitamin-Niacinamide Concentrated Pad","USD","19.76","US$ 19.76","26","US$ 26.00","","4119","https://www.yesstyle.com/en/numbuzin-no-5-glutathione-vitamin-niacinamide-concentrated-pad-70/info.html/pid.1136216679"
"2026-04-23","156","1133226211","Abib","PDRN Collagen Lip Mask Glazed Jelly","USD","16","US$ 16.00","20","US$ 20.00","","1840","https://www.yesstyle.com/en/abib-pdrn-collagen-lip-mask-glazed-jelly-11g/info.html/pid.1133226211"
"2026-04-23","157","1104982337","ETUDE","Fixing Tint - 19 Colors","USD","8.4","US$ 8.40","12","US$ 12.00","","6783","https://www.yesstyle.com/en/etude-fixing-tint-19-colors-12-salmon-brick/info.html/pid.1104982337"
"2026-04-23","158","1135835099","Purito SEOUL","TXA 6 Niacinamide 10 Retinal Serum","USD","16.1","US$ 16.10","23","US$ 23.00","","1047","https://www.yesstyle.com/en/purito-seoul-txa-6-niacinamide-10-retinal-serum-30ml/info.html/pid.1135835099"
"2026-04-23","159","1135030386","SKIN1004","Madagascar Centella Probio-Cica Enrich Cream Bundle Set","USD","28.5","US$ 28.50","38","US$ 38.00","","6717","https://www.yesstyle.com/en/skin1004-madagascar-centella-probio-cica-enrich-cream-bundle-set-2/info.html/pid.1135030386"
"2026-04-23","160","1130037235","TIRTIR","Milk Skin Toner Mini","USD","4","US$ 4.00","6","US$ 6.00","","1691","https://www.yesstyle.com/en/tirtir-milk-skin-toner-mini-20ml/info.html/pid.1130037235"
"2026-04-23","161","1127264623","Purito SEOUL","Wonder Releaf Centella Eye Cream Unscented","USD","11.2","US$ 11.20","16","US$ 16.00","","835","https://www.yesstyle.com/en/purito-seoul-wonder-releaf-centella-eye-cream-unscented-30ml/info.html/pid.1127264623"
"2026-04-23","162","1135841092","Heart Percent","Dote on Mood Lip Pencil - 20 Colors","USD","12.59","US$ 12.59","13.99","US$ 13.99","","494","https://www.yesstyle.com/en/heart-percent-dote-on-mood-lip-pencil-20-colors-01-peach-beige/info.html/pid.1135841092"
"2026-04-23","163","1117674777","Beauty of Joseon","Red Bean Refreshing Pore Mask","USD","16","US$ 16.00","20","US$ 20.00","","5117","https://www.yesstyle.com/en/beauty-of-joseon-red-bean-refreshing-pore-mask-140ml/info.html/pid.1117674777"
"2026-04-23","164","1120208638","SKIN1004","Madagascar Centella Probio-Cica Intensive Ampoule","USD","11.5","US$ 11.50","18.8","US$ 18.80","","2532","https://www.yesstyle.com/en/skin1004-madagascar-centella-probio-cica-intensive-ampoule-50ml/info.html/pid.1120208638"
"2026-04-23","165","1123475705","romand","Lip Mate Pencil - 10 Colors","USD","13.99","US$ 13.99","0","","","2486","https://www.yesstyle.com/en/romand-lip-mate-pencil-10-colors-06-under-chili/info.html/pid.1123475705"
"2026-04-23","166","1120888768","haruharu wonder","Black Rice Pure Mineral Relief Daily Sunscreen","USD","15.4","US$ 15.40","22","US$ 22.00","","1798","https://www.yesstyle.com/en/haruharu-wonder-black-rice-pure-mineral-relief-daily-sunscreen-50ml/info.html/pid.1120888768"
"2026-04-23","167","1103054006","ETUDE","My Lash Serum Jumbo","USD","7","US$ 7.00","10","US$ 10.00","","5612","https://www.yesstyle.com/en/etude-my-lash-serum-jumbo-18g/info.html/pid.1103054006"
"2026-04-23","168","1127785129","Beauty of Joseon","Dynasty Cream Jumbo","USD","27.2","US$ 27.20","34","US$ 34.00","","818","https://www.yesstyle.com/en/beauty-of-joseon-dynasty-cream-jumbo-100ml/info.html/pid.1127785129"
"2026-04-23","169","1131156350","TOCOBO","Juicy Berry Plumping Lip Oil - 14 Colors","USD","11.2","US$ 11.20","14","US$ 14.00","","2855","https://www.yesstyle.com/en/tocobo-juicy-berry-plumping-lip-oil-14-colors-01-chill-red/info.html/pid.1131156350"
"2026-04-23","170","1135801051","Dr. Althea","345 Relief Cream Mist Mini","USD","13.52","US$ 13.52","15.9","US$ 15.90","","1008","https://www.yesstyle.com/en/dr-althea-345-relief-cream-mist-mini-60ml/info.html/pid.1135801051"
"2026-04-23","171","1119514911","Isntree","Ultra-Low Molecular Hyaluronic Acid Serum","USD","18.3","US$ 18.30","24.4","US$ 24.40","","1995","https://www.yesstyle.com/en/isntree-ultra-low-molecular-hyaluronic-acid-serum-50ml/info.html/pid.1119514911"
"2026-04-23","172","1113521192","Isntree","Hyaluronic Acid Aqua Gel Cream","USD","16.65","US$ 16.65","22.2","US$ 22.20","","2552","https://www.yesstyle.com/en/isntree-hyaluronic-acid-aqua-gel-cream-80ml/info.html/pid.1113521192"
"2026-04-23","173","1137159410","LANEIGE","Lip Sleeping Mask EX Mini Bundle Set","USD","6.54","US$ 6.54","10.6","US$ 10.60","","0","https://www.yesstyle.com/en/laneige-lip-sleeping-mask-ex-mini-bundle-set-2-pcs/info.html/pid.1137159410"
"2026-04-23","174","1050548880","SKINFOOD","Salmon Darkcircle Concealer Cream - 3 Colors","USD","5.55","US$ 5.55","7.4","US$ 7.40","","2067","https://www.yesstyle.com/en/skinfood-salmon-darkcircle-concealer-cream-3-colors-2024-version-02/info.html/pid.1050548880"
"2026-04-23","175","1133036585","medicube","AGE-R Booster Pro Mini White","USD","74","US$ 74.00","160.87","US$ 160.87","","832","https://www.yesstyle.com/en/medicube-age-r-booster-pro-mini-white-1-set-english-version/info.html/pid.1133036585"
"2026-04-23","176","1100905689","romand","Juicy Lasting Tint Bare Juicy Series - 4 Colors","USD","7","US$ 7.00","14","US$ 14.00","","9470","https://www.yesstyle.com/en/romand-juicy-lasting-tint-bare-juicy-series-4-colors-25-bare-grape/info.html/pid.1100905689"
"2026-04-23","177","1136938685","Dr.Melaxin","Peel Shot Exfoliating Black Rice Ampoule","USD","25","US$ 25.00","41.7","US$ 41.70","","869","https://www.yesstyle.com/en/dr-melaxin-peel-shot-exfoliating-black-rice-ampoule-80ml/info.html/pid.1136938685"
"2026-04-23","178","1123980124","ROUND LAB","1025 Dokdo Hydrating Water Gel Mask","USD","2.25","US$ 2.25","4.5","US$ 4.50","","953","https://www.yesstyle.com/en/round-lab-1025-dokdo-hydrating-water-gel-mask-30ml-x-1-sheet/info.html/pid.1123980124"
"2026-04-23","179","1066131832","Dr.G","R.E.D Blemish Clear Soothing Cream","USD","24.47","US$ 24.47","34.95","US$ 34.95","","4518","https://www.yesstyle.com/en/dr-g-r-e-d-blemish-clear-soothing-cream-70ml/info.html/pid.1066131832"
"2026-04-23","180","1129356821","SKIN1004","Madagascar Centella Tea-Trica Soothing Sun Milk","USD","11","US$ 11.00","15","US$ 15.00","","1770","https://www.yesstyle.com/en/skin1004-madagascar-centella-tea-trica-soothing-sun-milk-50ml/info.html/pid.1129356821"
"2026-04-23","181","1134189295","Dr. Althea","Green Tea Fresh Sunscreen","USD","16.92","US$ 16.92","19.9","US$ 19.90","","786","https://www.yesstyle.com/en/dr-althea-green-tea-fresh-sunscreen-45ml/info.html/pid.1134189295"
"2026-04-23","182","1121981733","APLB","Glutathione Niacinamide Ampoule Serum","USD","9.8","US$ 9.80","16.61","US$ 16.61","","3287","https://www.yesstyle.com/en/aplb-glutathione-niacinamide-ampoule-serum-40ml/info.html/pid.1121981733"
"2026-04-23","183","1137514359","Arencia","Vitamin C Booster Shot 2pcs Bundle Set","USD","36.48","US$ 36.48","48","US$ 48.00","","0","https://www.yesstyle.com/en/arencia-vitamin-c-booster-shot-2pcs-bundle-set-30ml-x-2-pcs/info.html/pid.1137514359"
"2026-04-23","184","1121970671","SKIN1004","Madagascar Centella Ampoule","USD","10.5","US$ 10.50","16.7","US$ 16.70","","4890","https://www.yesstyle.com/en/skin1004-madagascar-centella-ampoule-55ml/info.html/pid.1121970671"
"2026-04-23","185","1129356820","SKIN1004","Madagascar Centella Tone Brightening Capsule Ampoule","USD","9.73","US$ 9.73","15.9","US$ 15.90","","2646","https://www.yesstyle.com/en/skin1004-madagascar-centella-tone-brightening-capsule-ampoule-50ml/info.html/pid.1129356820"
"2026-04-23","186","1128723189","FULLY","Green Tomato Clay Mask Cleanser","USD","18.81","US$ 18.81","19.8","US$ 19.80","","896","https://www.yesstyle.com/en/fully-green-tomato-clay-mask-cleanser-120ml/info.html/pid.1128723189"
"2026-04-23","187","1129159959","TOCOBO","Cica Cooling Sun Stick","USD","16","US$ 16.00","20","US$ 20.00","","808","https://www.yesstyle.com/en/tocobo-cica-cooling-sun-stick-18g/info.html/pid.1129159959"
"2026-04-23","188","1120140062","The Saem","Cover Perfection Triple Pot Concealer - 11 Types","USD","10.32","US$ 10.32","12.9","US$ 12.90","","4271","https://www.yesstyle.com/en/the-saem-cover-perfection-triple-pot-concealer-11-types-05-dark-up/info.html/pid.1120140062"
"2026-04-23","189","1085536819","beplain","Mung Bean Ph-balanced Cleansing Foam","USD","12","US$ 12.00","15","US$ 15.00","","1118","https://www.yesstyle.com/en/beplain-mung-bean-ph-balanced-cleansing-foam-80ml/info.html/pid.1085536819"
"2026-04-23","190","1116073913","SKIN1004","Spot Cover Patch","USD","3.5","US$ 3.50","4.6","US$ 4.60","","1744","https://www.yesstyle.com/en/skin1004-spot-cover-patch-22-patches/info.html/pid.1116073913"
"2026-04-23","191","1136586856","FULLight","FLIMEAL Protein Shake - 13 Types","USD","3.35","US$ 3.35","6.7","US$ 6.70","","307","https://www.yesstyle.com/en/fullight-flimeal-protein-shake-13-types-sweet-potato/info.html/pid.1136586856"
"2026-04-23","192","1137092085","AXIS-Y","YesStyle Exclusive Vegan Collagen Eye Serum 14ml","USD","24.75","US$ 24.75","33","US$ 33.00","","98","https://www.yesstyle.com/en/axis-y-yesstyle-exclusive-vegan-collagen-eye-serum-14ml-14ml/info.html/pid.1137092085"
"2026-04-23","193","1135008293","Purito SEOUL","Oat-In Calming Gel Cream Bundle Set","USD","26.03","US$ 26.03","39","US$ 39.00","","8618","https://www.yesstyle.com/en/purito-seoul-oat-in-calming-gel-cream-bundle-set-2-pcs/info.html/pid.1135008293"
"2026-04-23","194","1135562040","AXIS-Y","9-Step Sachet Bundle Set","USD","0.98","US$ 0.98","4.45","US$ 4.45","","0","https://www.yesstyle.com/en/axis-y-9-step-sachet-bundle-set-9-pcs/info.html/pid.1135562040"
"2026-04-23","195","1069980407","HOLIKA HOLIKA","Jelly Dough Blusher - 6 Colors","USD","6.69","US$ 6.69","8.2","US$ 8.20","","3643","https://www.yesstyle.com/en/holika-holika-jelly-dough-blusher-6-colors-06-plum-jelly/info.html/pid.1069980407"
"2026-04-23","196","1075776746","celimax","JIWOOGAE Heartleaf BHA Peeling Pad","USD","16.8","US$ 16.80","21","US$ 21.00","","3497","https://www.yesstyle.com/en/celimax-jiwoogae-heartleaf-bha-peeling-pad-60-pcs/info.html/pid.1075776746"
"2026-04-23","197","1137150357","Dr. Althea","345 Relief Cream Mist Bundle Set","USD","32.15","US$ 32.15","39.8","US$ 39.80","","0","https://www.yesstyle.com/en/dr-althea-345-relief-cream-mist-bundle-set-2-pcs/info.html/pid.1137150357"
"2026-04-23","198","1066340839","iUNIK","Centella Calming Gel Cream 60ml","USD","11.9","US$ 11.90","17","US$ 17.00","","10558","https://www.yesstyle.com/en/iunik-centella-calming-gel-cream-60ml-60ml/info.html/pid.1066340839"
"2026-04-23","199","1136104494","KSECRET","SEOUL 1988 Advanced Shot : Retinal Liposome 12% + Black Rice","USD","15","US$ 15.00","20","US$ 20.00","","1087","https://www.yesstyle.com/en/ksecret-seoul-1988-advanced-shot-retinal-liposome-12-black-rice-15ml/info.html/pid.1136104494"
"2026-04-23","200","1086574613","ROUND LAB","Birch Juice Moisturizing Cream","USD","23.4","US$ 23.40","36","US$ 36.00","","1909","https://www.yesstyle.com/en/round-lab-birch-juice-moisturizing-cream-80ml/info.html/pid.1086574613"
"2026-04-23","201","1109420675","Beauty of Joseon","Green Plum Refreshing Cleanser","USD","10.4","US$ 10.40","13","US$ 13.00","","2746","https://www.yesstyle.com/en/beauty-of-joseon-green-plum-refreshing-cleanser-100ml/info.html/pid.1109420675"
"2026-04-23","202","1098745051","MQNY","The Big Waterproof Pencil Gel Liner - 10 Colors","USD","3.92","US$ 3.92","4.9","US$ 4.90","","4422","https://www.yesstyle.com/en/mqny-the-big-waterproof-pencil-gel-liner-10-colors-10-shynt-heroine/info.html/pid.1098745051"
"2026-04-23","203","1103112976","Beauty of Joseon","Glow Deep Serum","USD","13.6","US$ 13.60","17","US$ 17.00","","4669","https://www.yesstyle.com/en/beauty-of-joseon-glow-deep-serum-30ml/info.html/pid.1103112976"
"2026-04-23","204","1137362924","Abib","PDRN Volume Fill-it Booster Crème 2.5 Tube","USD","22.4","US$ 22.40","28","US$ 28.00","","6","https://www.yesstyle.com/en/abib-pdrn-volume-fill/info.html/pid.1137362924"
"2026-04-23","205","1121413155","VT","Reedle Shot 100","USD","26.11","US$ 26.11","30.72","US$ 30.72","","7184","https://www.yesstyle.com/en/vt-reedle-shot-100-50ml/info.html/pid.1121413155"
"2026-04-23","206","1135350143","JUMISO","Niacinamide 10 Serum","USD","21.6","US$ 21.60","24","US$ 24.00","","532","https://www.yesstyle.com/en/jumiso-niacinamide-10-serum-40ml/info.html/pid.1135350143"
"2026-04-23","207","1103112930","Beauty of Joseon","Radiance Cleansing Balm NEW","USD","15.2","US$ 15.20","19","US$ 19.00","","3254","https://www.yesstyle.com/en/beauty-of-joseon-radiance-cleansing-balm-new-100ml/info.html/pid.1103112930"
"2026-04-23","208","1059551584","ETUDE","Soon Jung pH 6.5 Whip Cleanser","USD","12.49","US$ 12.49","18.5","US$ 18.50","","2888","https://www.yesstyle.com/en/etude-soon-jung-ph-6-5-whip-cleanser-150ml-2021-new/info.html/pid.1059551584"
"2026-04-23","209","1136792745","SKIN1004","Madagascar Centella Hyalu-Cica Silky-Fit Sun Stick Bundle Set","USD","21.26","US$ 21.26","28.2","US$ 28.20","","0","https://www.yesstyle.com/en/skin1004-madagascar-centella-hyalu-cica-silky-fit-sun-stick-bundle/info.html/pid.1136792745"
"2026-04-23","210","1130390110","SUNGBOON EDITOR","Deep Collagen Mask Set - 4 Types","USD","19","US$ 19.00","40.43","US$ 40.43","","1208","https://www.yesstyle.com/en/sungboon-editor-deep-collagen-mask-set-4-types-37g-x-4-sheets/info.html/pid.1130390110"
"2026-04-23","211","1134538836","SKIN1004","Lab in Nature Madagascar Centella Matrixyl 10 Boosting Shot Ampoule","USD","17.36","US$ 17.36","28","US$ 28.00","","840","https://www.yesstyle.com/en/skin1004-lab-in-nature-madagascar-centella-matrixyl-10-boosting-shot/info.html/pid.1134538836"
"2026-04-23","212","1128775509","epais","Eyelash Essential Serum","USD","19.19","US$ 19.19","20.2","US$ 20.20","","458","https://www.yesstyle.com/en/epais-eyelash-essential-serum-15ml/info.html/pid.1128775509"
"2026-04-23","213","1133472804","APLB","Retinol Vitamin C Vitamin E Body Lotion","USD","9.8","US$ 9.80","16.61","US$ 16.61","","849","https://www.yesstyle.com/en/aplb-retinol-vitamin-c-vitamin-e-body-lotion-300ml/info.html/pid.1133472804"
"2026-04-23","214","1134217071","haruharu wonder","Black Rice 5 Ceramide Barrier Moisturizing Cream","USD","16.8","US$ 16.80","24","US$ 24.00","","996","https://www.yesstyle.com/en/haruharu-wonder-black-rice-5-ceramide-barrier-moisturizing-cream-50ml/info.html/pid.1134217071"
"2026-04-23","215","1111730129","ABOUT_TONE","Blur Powder Pact - 6 Colors","USD","7.84","US$ 7.84","10.1","US$ 10.10","","1318","https://www.yesstyle.com/en/about-tone-blur-powder-pact-6-colors-03-natural/info.html/pid.1111730129"
"2026-04-23","216","1115954507","Abib","Collagen Gel Mask - 3 Types","USD","4","US$ 4.00","5.8","US$ 5.80","","1326","https://www.yesstyle.com/en/abib-collagen-gel-mask-3-types-heartleaf-jelly/info.html/pid.1115954507"
"2026-04-23","217","1131506971","Anua","3 Ceramide Panthenol Moisture Barrier Cream","USD","20","US$ 20.00","0","","","1000","https://www.yesstyle.com/en/anua-3-ceramide-panthenol-moisture-barrier-cream-100ml/info.html/pid.1131506971"
"2026-04-23","218","1126717155","SOME BY MI","Retinol Intense Reactivating Serum","USD","22.3","US$ 22.30","31.9","US$ 31.90","","2267","https://www.yesstyle.com/en/some-by-mi-retinol-intense-reactivating-serum-2023-version-30ml/info.html/pid.1126717155"
"2026-04-23","219","1134405555","Sace Lady","Deep Cleansing Nose Pores Strips","USD","5.68","US$ 5.68","7.1","US$ 7.10","","45","https://www.yesstyle.com/en/sace-lady-deep-cleansing-nose-pores-strips-1pc-2g/info.html/pid.1134405555"